year,risk_level,count
2020,High,16
2020,Low,1
2020,Medium,4
2021,High,14
2021,Medium,5
2022,High,10
2022,Low,1
2022,Medium,4
2023,High,11
2023,Medium,2
2024,High,14
2024,Medium,2
2025,High,14
2025,Low,1
2025,Medium,1
